source_relative_path,original_filename,file_hash,file_size_bytes,modified_at,batch_folder,batch_number,ingestion_cohort,extracted_records_current,extraction_status_current
Sin Limpieza/Dic-May/batch_1.pdf,batch_1.pdf,3b79e7593c04270a3e808d7b906f80296b90e1b5a9f0c48502f338acffd831ab,2840868,2026-05-24T16:25:04.143584,Dic-May,1,dic_may_2026,5,extracted
Sin Limpieza/Dic-May/batch_10.pdf,batch_10.pdf,e2e170cdc07b2d958367dfde182ac2a54de3141220cec67465bcf24953bdf352,2837108,2026-05-24T16:25:04.079417,Dic-May,10,dic_may_2026,4,extracted
Sin Limpieza/Dic-May/batch_11.pdf,batch_11.pdf,01c77a453ed6b714f674a2d8c261523a18db22f804655f1157e5b01a481dff8f,2859780,2026-05-24T16:25:04.116084,Dic-May,11,dic_may_2026,5,extracted
Sin Limpieza/Dic-May/batch_12.pdf,batch_12.pdf,1d941038005f6088e3b7808e878cda46179a6a393e324ae69188a88628541d9d,2841246,2026-05-24T16:25:04.116084,Dic-May,12,dic_may_2026,3,extracted
Sin Limpieza/Dic-May/batch_13.pdf,batch_13.pdf,283d8e2e87960fbc5204868846535077fe9c23cfb97906553746b95d9b812efd,2859733,2026-05-24T16:25:04.116084,Dic-May,13,dic_may_2026,6,extracted
Sin Limpieza/Dic-May/batch_14.pdf,batch_14.pdf,550fd77402885f6083100cf35c00bfb00318ab1b88f4575dc062ba6093aa9262,2850844,2026-05-24T16:25:04.143584,Dic-May,14,dic_may_2026,5,extracted
Sin Limpieza/Dic-May/batch_15.pdf,batch_15.pdf,38b7ae03be6175ffe6f91133fe91d987c9262ab0af96c2d575a698261164df7c,2862941,2026-05-24T16:25:04.161917,Dic-May,15,dic_may_2026,7,extracted
Sin Limpieza/Dic-May/batch_16.pdf,batch_16.pdf,308b32a0d2e083a37332e129554f021e17442541326470f7b7818dc4074b6d28,2850354,2026-05-24T16:25:04.143584,Dic-May,16,dic_may_2026,6,extracted
Sin Limpieza/Dic-May/batch_17.pdf,batch_17.pdf,488d570d37e6ecbb67e751818b12157e12832ac41517eb33eae1335992b31c96,2849995,2026-05-24T16:25:04.143584,Dic-May,17,dic_may_2026,4,extracted
Sin Limpieza/Dic-May/batch_18.pdf,batch_18.pdf,aeac56eb232c58d6e09ae134684a858cd21e7fa5dab96f771c7f35b71978e885,2862549,2026-05-24T16:25:04.161917,Dic-May,18,dic_may_2026,4,extracted
Sin Limpieza/Dic-May/batch_19.pdf,batch_19.pdf,166adf3ebc7d2e03feebc1bf01d52b57a957db58990364251ad7189690a3bcd8,2858892,2026-05-24T16:25:04.152751,Dic-May,19,dic_may_2026,6,extracted
Sin Limpieza/Dic-May/batch_2.pdf,batch_2.pdf,a97c9ec8e572d92532878c6c97216ee535f825a66a311fea6bfe6e00564a8255,1433484,2026-05-24T16:25:03.080251,Dic-May,2,dic_may_2026,3,extracted
Sin Limpieza/Dic-May/batch_20.pdf,batch_20.pdf,ed9ff152443382c5df23adaaa07ff6e414f0c8bd4803c99fa251f1015d7d9371,2859087,2026-05-24T16:25:04.216917,Dic-May,20,dic_may_2026,7,extracted
Sin Limpieza/Dic-May/batch_21.pdf,batch_21.pdf,da689a4f4010a814c3a7d478ff47bc24a1bfa86b3e9f70b23759603a678e19a1,2851182,2026-05-24T16:25:04.271917,Dic-May,21,dic_may_2026,4,extracted
Sin Limpieza/Dic-May/batch_22.pdf,batch_22.pdf,456a4563e2ab0778a6b499fa535385aba093fe0091a16797f3b9f4dd9447cb37,2858883,2026-05-24T16:25:04.253584,Dic-May,22,dic_may_2026,5,extracted
Sin Limpieza/Dic-May/batch_23.pdf,batch_23.pdf,523b6ede027dacd08528fb6c9e363c9485d9d1ebee9a36b598bc690652a82fa1,2842921,2026-05-24T16:25:04.171084,Dic-May,23,dic_may_2026,3,extracted
Sin Limpieza/Dic-May/batch_24.pdf,batch_24.pdf,c7d5e750209e63f820f929ea5be6e06a07341c5feb54e11eab763f2ceda477e4,2841012,2026-05-24T16:25:04.161917,Dic-May,24,dic_may_2026,5,extracted
Sin Limpieza/Dic-May/batch_25.pdf,batch_25.pdf,7d204f23bfac908ad6644380a626da2a31c0ce5549a7ff8d4d6b6198138d1803,2851241,2026-05-24T16:25:04.180251,Dic-May,25,dic_may_2026,5,extracted
Sin Limpieza/Dic-May/batch_26.pdf,batch_26.pdf,6cd2135966c854a8f9418f8e8cf1cd9a0b82427cdd69dd5b619d3ddd251cc034,2281482,2026-05-24T16:25:03.813584,Dic-May,26,dic_may_2026,2,extracted
Sin Limpieza/Dic-May/batch_27.pdf,batch_27.pdf,503c4028b1f20f87ff1d5fce5319ae4057489977cc632681507cbd47002d1381,2859479,2026-05-24T16:25:04.161917,Dic-May,27,dic_may_2026,7,extracted
Sin Limpieza/Dic-May/batch_28.pdf,batch_28.pdf,e8aa160ba1ee71df03cb4583804c9ecb3aba4298ab3c8ac144dbd13a943b370f,2851627,2026-05-24T16:25:04.171084,Dic-May,28,dic_may_2026,6,extracted
Sin Limpieza/Dic-May/batch_29.pdf,batch_29.pdf,6ee663c53485e82cf9c6b8b4c84f9c564359d7145782935e417d5ed0929d979f,2854520,2026-05-24T16:25:04.171084,Dic-May,29,dic_may_2026,5,extracted
Sin Limpieza/Dic-May/batch_3.pdf,batch_3.pdf,914381ff9aa92d938cbd0b413a620ddba7ebc0e9f805baf8a3ab9479f6bea85e,2845636,2026-05-24T16:25:04.171084,Dic-May,3,dic_may_2026,2,extracted
Sin Limpieza/Dic-May/batch_30.pdf,batch_30.pdf,2dd73909d456460701ba8e6432dcf59b2d25d8540a7fc7a354b8f43bb24fee78,2841218,2026-05-24T16:25:04.180251,Dic-May,30,dic_may_2026,5,extracted
Sin Limpieza/Dic-May/batch_31.pdf,batch_31.pdf,bb26d6a0b9957a55963ba3c1ef6395e2ef521daad80e8638ec84c0c894d041a3,2854968,2026-05-24T16:25:04.171084,Dic-May,31,dic_may_2026,4,extracted
Sin Limpieza/Dic-May/batch_32.pdf,batch_32.pdf,adc0bc29d2a90feef1925ba0795ea852214c4394e56e3b7bf706783fd11e7d6a,569510,2026-05-24T16:25:02.401917,Dic-May,32,dic_may_2026,1,extracted
Sin Limpieza/Dic-May/batch_33.pdf,batch_33.pdf,186efcb4ad3b08d0c9a1aba69ebdbf0f74ad3a255a3b0783ea520241b95e0942,2854669,2026-05-24T16:25:04.180251,Dic-May,33,dic_may_2026,4,extracted
Sin Limpieza/Dic-May/batch_34.pdf,batch_34.pdf,56fc937f8ff691fd3e0d5295a5f25b50c0359a0c443327834a29280736a35e6c,2854412,2026-05-24T16:25:04.216917,Dic-May,34,dic_may_2026,7,extracted
Sin Limpieza/Dic-May/batch_35.pdf,batch_35.pdf,74e7281d1873469c6d2bc14b319d88346109f969f1a5977273fe0c7dd4943a19,2845805,2026-05-24T16:25:04.281084,Dic-May,35,dic_may_2026,2,extracted
Sin Limpieza/Dic-May/batch_36.pdf,batch_36.pdf,19faad03b9ea9883bd7d3d004210ddc37f114eb0f9679936b56c6bc2e53abc07,2845742,2026-05-24T16:25:04.189417,Dic-May,36,dic_may_2026,5,extracted
Sin Limpieza/Dic-May/batch_37.pdf,batch_37.pdf,77b810302a68d1bf85d501d3e2c431a8f0a19bb5456dc69cd2f12d387b6296a1,2849244,2026-05-24T16:25:04.235251,Dic-May,37,dic_may_2026,6,extracted
Sin Limpieza/Dic-May/batch_38.pdf,batch_38.pdf,a909e9bf285f58ab5e7dbb43b719e9bfd8a8747544c68632092ceb4af55b7b54,2847919,2026-05-24T16:25:04.216917,Dic-May,38,dic_may_2026,4,extracted
Sin Limpieza/Dic-May/batch_39.pdf,batch_39.pdf,2ec3167d2327fdac0070c4a9e54e2645a75634fa96ba85e00d1024ec08a06e7c,2849851,2026-05-24T16:25:04.235251,Dic-May,39,dic_may_2026,4,extracted
Sin Limpieza/Dic-May/batch_4.pdf,batch_4.pdf,3a1864b025d7f266e39270d43cb1948fbf3ebc312aabf8834a45b2a71b6255d5,2845226,2026-05-24T16:25:04.244417,Dic-May,4,dic_may_2026,4,extracted
Sin Limpieza/Dic-May/batch_40.pdf,batch_40.pdf,a4f28fd1ab5f894aff599cd00452386cb66184e5a0b6197a424061f9b6e090d3,2850035,2026-05-24T16:25:04.235251,Dic-May,40,dic_may_2026,4,extracted
Sin Limpieza/Dic-May/batch_41.pdf,batch_41.pdf,85db852c762948bf8ed21ce4d106ed5c87f27cb19494b61cffe553114662d7ec,2856591,2026-05-24T16:25:04.244417,Dic-May,41,dic_may_2026,3,extracted
Sin Limpieza/Dic-May/batch_42.pdf,batch_42.pdf,78aab807287b1019f684bbc03c89f6ed3249a31046b278877dbaf2d156bc13d5,2845657,2026-05-24T16:25:04.235251,Dic-May,42,dic_may_2026,5,extracted
Sin Limpieza/Dic-May/batch_43.pdf,batch_43.pdf,358314cf1b7b40c4191fb885467a6f9c3a5eaf731b5caa4af2e6bbc5da429cf8,2861782,2026-05-24T16:25:04.244417,Dic-May,43,dic_may_2026,4,extracted
Sin Limpieza/Dic-May/batch_44.pdf,batch_44.pdf,3a77b52a9f3118209a08ea8ecaa3a5db22666eaccd0f9be9b2200b18e83b2be1,2841299,2026-05-24T16:25:04.253584,Dic-May,44,dic_may_2026,6,extracted
Sin Limpieza/Dic-May/batch_45.pdf,batch_45.pdf,152374081901c7439eaa1b8da3c9388c55e4dd0afeb143c2c943fc410e1f8cf3,2853808,2026-05-24T16:25:04.244417,Dic-May,45,dic_may_2026,6,extracted
Sin Limpieza/Dic-May/batch_46.pdf,batch_46.pdf,6232b08aead6ba56d10f6e94ed27dcebc4e72ccfbc964ab407185dc24ab55dfe,2858676,2026-05-24T16:25:04.253584,Dic-May,46,dic_may_2026,7,extracted
Sin Limpieza/Dic-May/batch_47.pdf,batch_47.pdf,476f49a5f91a5c67cd1779e1bd373a3e1e453ee03300c87fe844f8c1bd3360ba,2849860,2026-05-24T16:25:04.253584,Dic-May,47,dic_may_2026,5,extracted
Sin Limpieza/Dic-May/batch_48.pdf,batch_48.pdf,695df29cd74e017e27827e00054ea8a063ae0519dd20d21d02988499f065d289,2855012,2026-05-24T16:25:04.253584,Dic-May,48,dic_may_2026,5,extracted
Sin Limpieza/Dic-May/batch_49.pdf,batch_49.pdf,2880df721904a90bf5e7a9b06cb58669ee7c525b8f8d64e46ed66f924a83a536,2854888,2026-05-24T16:25:04.271917,Dic-May,49,dic_may_2026,3,extracted
Sin Limpieza/Dic-May/batch_5.pdf,batch_5.pdf,3345b4a8730d01138f29d2fbddbaa6cf85028e9dacc19d199781f819c5c3ab05,2846159,2026-05-24T16:25:04.271917,Dic-May,5,dic_may_2026,5,extracted
Sin Limpieza/Dic-May/batch_50.pdf,batch_50.pdf,98582a9e08394468e59f958f05ea271d500e180a9ebfe48a61a39fcf241235a1,1711361,2026-05-24T16:25:03.520251,Dic-May,50,dic_may_2026,2,extracted
Sin Limpieza/Dic-May/batch_51.pdf,batch_51.pdf,5f353a1d6f52d54a5db95a14841a9d089b76ff5eafe39b7e6181e3a01ff18ca6,2867556,2026-05-24T16:25:04.281084,Dic-May,51,dic_may_2026,7,extracted
Sin Limpieza/Dic-May/batch_52.pdf,batch_52.pdf,2f4f98b18509a3eac5a00ff996cca4af279f310c85e3d8c56e7042c3885b551c,2849148,2026-05-24T16:25:04.253584,Dic-May,52,dic_may_2026,4,extracted
Sin Limpieza/Dic-May/batch_53.pdf,batch_53.pdf,7c406446b0ec3508de3f60c0da6f8bfbbce63311569f29035e50bf7f9077c9a9,2854900,2026-05-24T16:25:04.271917,Dic-May,53,dic_may_2026,3,extracted
Sin Limpieza/Dic-May/batch_54.pdf,batch_54.pdf,1367fe77acf26c045d38e503d1ea3cef02cbb694eb2c41976d068db89bbe4c8d,2564973,2026-05-24T16:25:04.061084,Dic-May,54,dic_may_2026,4,extracted
Sin Limpieza/Dic-May/batch_55.pdf,batch_55.pdf,44e2f466de5769cb7cd78336d488ef52f29e3ff609a9d02bd8682af69e6b3588,2849938,2026-05-24T16:25:04.281084,Dic-May,55,dic_may_2026,5,extracted
Sin Limpieza/Dic-May/batch_56.pdf,batch_56.pdf,8093e48090375fe076950aad2aedcac18ac71e6b147ca374ef9badb539987f45,2852389,2026-05-24T16:25:04.281084,Dic-May,56,dic_may_2026,4,extracted
Sin Limpieza/Dic-May/batch_57.pdf,batch_57.pdf,e434acbcd5a20c87d999a69aae7fd3cca611db4c6af1035c0ae2f164091ea793,2862082,2026-05-24T16:25:04.271917,Dic-May,57,dic_may_2026,5,extracted
Sin Limpieza/Dic-May/batch_58.pdf,batch_58.pdf,186e4d60d6e976e3fa775a88b3e2e8344645f8aa73ecefdc86514d824b6eac5d,2836728,2026-05-24T16:25:04.281084,Dic-May,58,dic_may_2026,5,extracted
Sin Limpieza/Dic-May/batch_59.pdf,batch_59.pdf,1cac303ed544703a86231d7ad0a94eb4942605685cadd2a91274912dca04501a,2849229,2026-05-24T16:25:04.281084,Dic-May,59,dic_may_2026,5,extracted
Sin Limpieza/Dic-May/batch_6.pdf,batch_6.pdf,ce4d32a04474c0841b5e1eebdf459ae77144e6ae7c9c4c845c0aad217db429a8,294316,2026-05-24T16:25:02.346917,Dic-May,6,dic_may_2026,1,extracted
Sin Limpieza/Dic-May/batch_7.pdf,batch_7.pdf,478b0852860f82fda2537fdab42e72c48c74acfb598c53cb45edf234fb04b9b7,2851351,2026-05-24T16:25:04.281084,Dic-May,7,dic_may_2026,6,extracted
Sin Limpieza/Dic-May/batch_8.pdf,batch_8.pdf,39808bf5dfba808a9716591adfe4ddd0eacd4571088129ca98c9cc92b42964e1,2844613,2026-05-24T16:25:04.281084,Dic-May,8,dic_may_2026,6,extracted
Sin Limpieza/Dic-May/batch_9.pdf,batch_9.pdf,c6ec881fa66a4647cd96b61009e2b50e70b7f27ea7e1c930b248ba283bdad8de,2850580,2026-05-24T16:25:04.281084,Dic-May,9,dic_may_2026,2,extracted
Sin Limpieza/batch_1.pdf,batch_1.pdf,4ca833209ba99eab97a3a3c4f2cbaa4eff2bacf0d76a729758667715837bb295,3122450,2026-03-04T22:21:06.513853,.,1,baseline_historico,9,extracted
Sin Limpieza/batch_10.pdf,batch_10.pdf,a0cda9c176e81bfffec542e5e32b592e60c1229ec7dfd53e085385acb0f7f904,3125388,2026-03-04T22:21:05.623972,.,10,baseline_historico,10,extracted
Sin Limpieza/batch_100.pdf,batch_100.pdf,3e2899bf4e3e85cca05e666af2d51da4cf20682d209b4c377f5660c3b1db018b,3123778,2026-03-04T22:20:57.521400,.,100,baseline_historico,8,extracted
Sin Limpieza/batch_101.pdf,batch_101.pdf,59d68ba5347fabc9ceb10c37cf13166cd1524f2fcf9ea0695b44a0f6c86ddd65,3128629,2026-03-04T22:20:57.154166,.,101,baseline_historico,10,extracted
Sin Limpieza/batch_102.pdf,batch_102.pdf,c78d7e40c6f59cf388df01d02e244a7021f346366a499bbde03070f5615f0b63,3125971,2026-03-04T22:20:57.796186,.,102,baseline_historico,10,extracted
Sin Limpieza/batch_103.pdf,batch_103.pdf,5d8447677150b527d7002ff3dfe574d4626ad51a3ed6c322f3813bd26ce12353,3130535,2026-03-04T22:20:57.601586,.,103,baseline_historico,8,extracted
Sin Limpieza/batch_104.pdf,batch_104.pdf,b920b43047dad2f56e52b98c9b139145d95d052e9bc2a88a994735197c68cbfa,3128677,2026-03-04T22:20:57.415862,.,104,baseline_historico,10,extracted
Sin Limpieza/batch_105.pdf,batch_105.pdf,96acb52987525668435af868489c7b069c5f9d0051e5b963f70dacf5a5d31e74,3122221,2026-03-04T22:20:57.048257,.,105,baseline_historico,10,extracted
Sin Limpieza/batch_106.pdf,batch_106.pdf,004ec273661081ab847631b0b71530bce3d9107f734ef28896cb724c97ab6a13,3129635,2026-03-04T22:20:57.333568,.,106,baseline_historico,10,extracted
Sin Limpieza/batch_107.pdf,batch_107.pdf,87d1640a563fa03131ab5d240e94a73dd710a842b2b831116a5563decd94344f,3128408,2026-03-04T22:20:56.761854,.,107,baseline_historico,9,extracted
Sin Limpieza/batch_108.pdf,batch_108.pdf,0fe44ac417eb49452b5895089e40d7121d6fc3df22d900fcb7aae7e02206103c,3131829,2026-03-04T22:20:56.680310,.,108,baseline_historico,7,extracted
Sin Limpieza/batch_109.pdf,batch_109.pdf,c95cde7b499e3d2b068d486457976d76deef32355d3162335d580b1c8b80db24,3130027,2026-03-04T22:20:56.937476,.,109,baseline_historico,9,extracted
Sin Limpieza/batch_11.pdf,batch_11.pdf,3396af9d426ebe2926eda70c3adf62d86dcb5785ca8112102e3de23393761cac,3127726,2026-03-04T22:21:05.890001,.,11,baseline_historico,10,extracted
Sin Limpieza/batch_110.pdf,batch_110.pdf,62643766f88573696f6c5a80f5ed90ae8916c258b212f718377b5bb06a109a4a,3136098,2026-03-04T22:20:56.513911,.,110,baseline_historico,10,extracted
Sin Limpieza/batch_111.pdf,batch_111.pdf,d8e1c160559e5adba6c40dab5eb8b7dba9d7940f9efd95c5c12907f9b69e6a37,3130095,2026-03-04T22:20:56.378015,.,111,baseline_historico,9,extracted
Sin Limpieza/batch_112.pdf,batch_112.pdf,bbbf4688803a2891f1dfd9d3d44364263fe4fe5b22c5bee6bf7824df1bfb8ff0,626158,2026-03-04T22:20:55.257104,.,112,baseline_historico,2,extracted
Sin Limpieza/batch_113.pdf,batch_113.pdf,0eff01c01f09c8468e5255fb52287a87f8086d8a0aaf7871984e753d010243a4,3128603,2026-03-04T22:20:56.303782,.,113,baseline_historico,6,extracted
Sin Limpieza/batch_114.pdf,batch_114.pdf,553174ee888ac556b28f7984ac7ae95d6c0af45b61a8dd1fa79e9f8d380845f0,3121723,2026-03-04T22:20:56.596273,.,114,baseline_historico,7,extracted
Sin Limpieza/batch_115.pdf,batch_115.pdf,fa00c7df55dbd60d89857c7df688f2d49f85f4d20085b44f5e8d18e4d55d1ffc,3131702,2026-03-04T22:20:56.064293,.,115,baseline_historico,8,extracted
Sin Limpieza/batch_116.pdf,batch_116.pdf,80433ff212cbe533fe822ff7f6569d10df3c2ca554f798d794116226e54d4df9,3125801,2026-03-04T22:20:56.226781,.,116,baseline_historico,10,extracted
Sin Limpieza/batch_117.pdf,batch_117.pdf,2f1246e1d9baf78c6a93a80222174171eb1c471768fb414fcbba2b97d9af8896,3122865,2026-03-04T22:20:55.951921,.,117,baseline_historico,10,extracted
Sin Limpieza/batch_118.pdf,batch_118.pdf,965f2d309212d439f7374e71df2ae92ba1dc59ad21a6ce94457a6bb44a63c26e,3136171,2026-03-04T22:20:55.776292,.,118,baseline_historico,9,extracted
Sin Limpieza/batch_119.pdf,batch_119.pdf,ecf574a4f5815c3fa03f62258b90204b6722e841d1896e64e752460f3fe8009f,3132784,2026-03-04T22:20:56.144096,.,119,baseline_historico,9,extracted
Sin Limpieza/batch_12.pdf,batch_12.pdf,2de9d5b1a00bda2ac2aa3ca15d55774d1eedd571b624666b4f4543272ff7ad88,3136081,2026-03-04T22:21:05.522485,.,12,baseline_historico,10,extracted
Sin Limpieza/batch_120.pdf,batch_120.pdf,850363aebf53949d55a5bcb2d42a11023bc3b7dcf3612c598dadfda3b2fb2fac,3123356,2026-03-04T22:20:55.688103,.,120,baseline_historico,9,extracted
Sin Limpieza/batch_121.pdf,batch_121.pdf,ec0af46f6f37e28990b88df2a8a43aa90a0a5382acfdd43b52ce98fbd7c4a2c9,3130196,2026-03-04T22:20:55.862024,.,121,baseline_historico,9,extracted
Sin Limpieza/batch_122.pdf,batch_122.pdf,961eae49864cfc6e2105e3f9f6b9c9e607f3c98ebcb311f5708bfc135ea6e322,3130753,2026-03-04T22:20:55.335523,.,122,baseline_historico,8,extracted
Sin Limpieza/batch_123.pdf,batch_123.pdf,0d15a797f618da4fe7b592fb8c87af11d702d371502e4d9625c677aa067c9744,3129575,2026-03-04T22:20:55.531433,.,123,baseline_historico,8,extracted
Sin Limpieza/batch_124.pdf,batch_124.pdf,8632a85c67f04229ce023acdc9829107ce4cdf7090ed9097837f3657a0cd7116,3129612,2026-03-04T22:20:55.607485,.,124,baseline_historico,7,extracted
Sin Limpieza/batch_125.pdf,batch_125.pdf,0bdea7c9215293dff9bc93fdd410f7de48eeed691b42a6d9c5b6bc06202d645d,3126572,2026-03-04T22:20:55.220014,.,125,baseline_historico,8,extracted
Sin Limpieza/batch_126.pdf,batch_126.pdf,412466ee5bc13e278a3be034b6929a7909cd36d6ad73340988f457c87f3a9706,3128879,2026-03-04T22:20:55.133214,.,126,baseline_historico,4,extracted
Sin Limpieza/batch_127.pdf,batch_127.pdf,cc7c7b059f508178e16682d4f0f011abe99c29d08667de256126eb2f65afa96e,3134669,2026-03-04T22:20:55.424453,.,127,baseline_historico,9,extracted
Sin Limpieza/batch_128.pdf,batch_128.pdf,d7a9b3ddb4684113af86aedcad417e5da4ee6c5477f7f8ca2c24678a13d40550,3133437,2026-03-04T22:20:54.693696,.,128,baseline_historico,8,extracted
Sin Limpieza/batch_129.pdf,batch_129.pdf,edf0375521361a60fd07d4325b751a35c501e96e30c54857913a57a928c577f7,3134084,2026-03-04T22:20:54.782384,.,129,baseline_historico,9,extracted
Sin Limpieza/batch_13.pdf,batch_13.pdf,48c7d6e2299c9fc049b10a6d47e689fb4fe369ae10d075909f63fa7975155c8f,3131266,2026-03-04T22:21:05.174404,.,13,baseline_historico,8,extracted
Sin Limpieza/batch_130.pdf,batch_130.pdf,3c777e4777e08834919efdde58d1605e9d32a7cf5e417eb03d812f26387d481d,314494,2026-03-04T22:20:53.883672,.,130,baseline_historico,1,extracted
Sin Limpieza/batch_131.pdf,batch_131.pdf,f3582c4fb24a64610bac3bb928eb22b82dd251f601112af54e17c235e7d6986b,3138515,2026-03-04T22:20:55.053188,.,131,baseline_historico,9,extracted
Sin Limpieza/batch_132.pdf,batch_132.pdf,12e7e30281a0efcd2af2349a9206db7c4d67abcc2b8bbed83a06337eb8728f7c,3136192,2026-03-04T22:20:54.960712,.,132,baseline_historico,9,extracted
Sin Limpieza/batch_133.pdf,batch_133.pdf,2b356f3ad213ef09eabd30b3788d9ca8a77ad0f5604895d3b02833c734e1fb1e,3126074,2026-03-04T22:20:54.870687,.,133,baseline_historico,9,extracted
Sin Limpieza/batch_134.pdf,batch_134.pdf,24de9b61e3e81c8d3a0b0ea803c9f1d280572c8476e6c87b0a72af27baffa013,1250623,2026-03-04T22:20:53.858651,.,134,baseline_historico,4,extracted
Sin Limpieza/batch_135.pdf,batch_135.pdf,31796193531704297abfc10b6a35029a011e8a1ca192cfc47bf051acaf956741,3139700,2026-03-04T22:20:54.530427,.,135,baseline_historico,10,extracted
Sin Limpieza/batch_136.pdf,batch_136.pdf,3eca326ec436bd22db2402f786787efc4d1f93bed4016d80336303aefb7e3c9c,3128563,2026-03-04T22:20:54.611423,.,136,baseline_historico,8,extracted
Sin Limpieza/batch_137.pdf,batch_137.pdf,2d984ed57c2de3744c782f9d8cec8f7872884c833b59f5c237817df3d4ca0b32,3128024,2026-03-04T22:20:54.338023,.,137,baseline_historico,10,extracted
Sin Limpieza/batch_138.pdf,batch_138.pdf,bbb3bc59907416323414d7f59ae7b8714f61acbc6ecc77129f8c074b09e0ac4d,3131405,2026-03-04T22:20:54.079464,.,138,baseline_historico,8,extracted
Sin Limpieza/batch_139.pdf,batch_139.pdf,3938eb56f232fb760cfaf296a0b5c9150037eaf36aad2bae5fb28823a42f7037,3128175,2026-03-04T22:20:54.435529,.,139,baseline_historico,9,extracted
Sin Limpieza/batch_14.pdf,batch_14.pdf,deec913d6257d0719ecbab7b265b2fc96057b27c8ecf068e8b1a835ef01da76b,312849,2026-03-04T22:21:02.987622,.,14,baseline_historico,1,extracted
Sin Limpieza/batch_140.pdf,batch_140.pdf,55450ea89995df0882667fab02b42787080118779cf18d5cc1df9bc5d1df48a6,3128237,2026-03-04T22:20:54.252039,.,140,baseline_historico,7,extracted
Sin Limpieza/batch_141.pdf,batch_141.pdf,a5653c4da54828a123a3d21d00e875ca13ea9d1306ff646ecd143dc864ddfac9,3130688,2026-03-04T22:20:54.169585,.,141,baseline_historico,7,extracted
Sin Limpieza/batch_142.pdf,batch_142.pdf,1c9fc709bb1c3a2c59acb0d607e87b3fa6927ad4da4ed04b4111f1acc4f344d5,3131148,2026-03-04T22:20:53.987625,.,142,baseline_historico,9,extracted
Sin Limpieza/batch_143.pdf,batch_143.pdf,6601ddd48a015f50955433323aaa1c20de4376c87d3057135d1b00d4ab0a43c7,3127973,2026-03-04T22:20:53.738287,.,143,baseline_historico,8,extracted
Sin Limpieza/batch_144.pdf,batch_144.pdf,cebdb6bdf39c074f01140039f5d521fe790636c4dc1def06dac7932f69f05bf9,1252508,2026-03-04T22:20:53.209285,.,144,baseline_historico,2,extracted
Sin Limpieza/batch_145.pdf,batch_145.pdf,d2d305af3f2cf2b2104bef7d1e4eb6cb9fdb82e0180f6ea6bc86be98c862ed46,625840,2026-03-04T22:20:52.250608,.,145,baseline_historico,2,extracted
Sin Limpieza/batch_146.pdf,batch_146.pdf,ce5d004581ed92b984da5af48f29d73c964aca3a8dfe6b582a0b8262feb3a60f,3139916,2026-03-04T22:20:53.814921,.,146,baseline_historico,10,extracted
Sin Limpieza/batch_147.pdf,batch_147.pdf,aa09ff586afbceff690824bc794a41c1e503d7ec1edf8ae3dcc56ccc167873e4,3131382,2026-03-04T22:20:53.592308,.,147,baseline_historico,9,extracted
Sin Limpieza/batch_148.pdf,batch_148.pdf,1a8967ad4d7cc8d6b41704cbac66badb283d0e48fd25d6658d3600546176c518,3134117,2026-03-04T22:20:53.664500,.,148,baseline_historico,10,extracted
Sin Limpieza/batch_149.pdf,batch_149.pdf,da8e3e381bb7cbab831b55b897501db2966eed40d192255ed81f0b09f2237629,3129715,2026-03-04T22:20:53.456848,.,149,baseline_historico,9,extracted
Sin Limpieza/batch_15.pdf,batch_15.pdf,b36f8cac5d34bafdf65b88b7ae30d5ebf10902b7179cd797a232a394bf12cf12,3129280,2026-03-04T22:21:05.330903,.,15,baseline_historico,10,extracted
Sin Limpieza/batch_150.pdf,batch_150.pdf,d8a129e54948811442695d40ac26a2e0fa0fab57a4b9aa0edee5b3dddcc556b4,3122075,2026-03-04T22:20:53.162285,.,150,baseline_historico,10,extracted
Sin Limpieza/batch_151.pdf,batch_151.pdf,d29b2f448407812f21465758d8575d05822a7a456cb872b9a661b68aa882ef42,3126969,2026-03-04T22:20:53.362199,.,151,baseline_historico,10,extracted
Sin Limpieza/batch_152.pdf,batch_152.pdf,65cf027617e18dd6e0effb0a404bb8807db11a88a1c3b2aace581ed0ed0c5e54,3130507,2026-03-04T22:20:53.283119,.,152,baseline_historico,9,extracted
Sin Limpieza/batch_153.pdf,batch_153.pdf,776b0e7a18a3238f069ea8bf7f6c1a652a437901300eced863d5cb5e6668720d,3137491,2026-03-04T22:20:52.999921,.,153,baseline_historico,8,extracted
Sin Limpieza/batch_154.pdf,batch_154.pdf,3a896410912ef521d7988fe48b12706f2625bfe0f211835cb74d5c4343f6062f,3126274,2026-03-04T22:20:53.086471,.,154,baseline_historico,10,extracted
Sin Limpieza/batch_155.pdf,batch_155.pdf,f2cea461dab1ddd05ac7497dfa57695959a48a124acea77c6ddbf815d07aa7b6,3129359,2026-03-04T22:20:52.662109,.,155,baseline_historico,8,extracted
Sin Limpieza/batch_156.pdf,batch_156.pdf,54e9d50bd595b30c7fd84d477ba55f15e1b972c0d4de71931bf99aa011e43156,2510789,2026-03-04T22:20:52.135988,.,156,baseline_historico,8,extracted
Sin Limpieza/batch_157.pdf,batch_157.pdf,3393e8ffb2b4aaa050f97f89e6a6f115db343d380e2e74f570f8c59a99f7c563,3129409,2026-03-04T22:20:52.748082,.,157,baseline_historico,9,extracted
Sin Limpieza/batch_158.pdf,batch_158.pdf,159b3a456d02f3de816fe163c8fc1a380a4026b9deab94ba16ea08c4d60b8cc9,3136798,2026-03-04T22:20:52.828324,.,158,baseline_historico,10,extracted
Sin Limpieza/batch_159.pdf,batch_159.pdf,46e392261b677c665545b9dd4c6cb16e59e6e046b236bb84f89aceeed30625e8,3130674,2026-03-04T22:20:52.427881,.,159,baseline_historico,10,extracted
Sin Limpieza/batch_16.pdf,batch_16.pdf,675091ff04f758671d3a140efc31294a9d34b0a119538a42ca0997e82cf3fd12,3131415,2026-03-04T22:21:04.909903,.,16,baseline_historico,9,extracted
Sin Limpieza/batch_160.pdf,batch_160.pdf,fa5f1cb1cce105f6c3a55b87c36d3972f6ddf712abd01fc5d5731985b1c4d86f,3124798,2026-03-04T22:20:52.336410,.,160,baseline_historico,8,extracted
Sin Limpieza/batch_161.pdf,batch_161.pdf,5a28bf886216c1baf9d043935e112bb80e6aa585cbb219f66b35180a2e968ad7,3126391,2026-03-04T22:20:52.573568,.,161,baseline_historico,9,extracted
Sin Limpieza/batch_162.pdf,batch_162.pdf,5d7cd1b00d04e191d6f2fa8c3478f061a2b925934c3ac2ddfea44ae95761eea6,3134949,2026-03-04T22:20:52.218711,.,162,baseline_historico,10,extracted
Sin Limpieza/batch_163.pdf,batch_163.pdf,a670d672eed80bd1438fa5acd8fb3630049f75dfa9f9ebac813ecd6ad8bf1c87,3128459,2026-03-04T22:20:52.915516,.,163,baseline_historico,10,extracted
Sin Limpieza/batch_164.pdf,batch_164.pdf,b98b84c73133630063f5cb8c9c37c66fe5fb262e15325cb1368d5486f51e48f1,3124970,2026-03-04T22:20:52.064225,.,164,baseline_historico,9,extracted
Sin Limpieza/batch_165.pdf,batch_165.pdf,f94a2d5a5421beec8af0770bd50328527167429b563f945f5f1f7a5a03f9f880,3136355,2026-03-04T22:20:51.886414,.,165,baseline_historico,8,extracted
Sin Limpieza/batch_166.pdf,batch_166.pdf,a2509becd1c722acc9d33107e76874a36473212a4a363b89e29493a8b7ed87ff,3129481,2026-03-04T22:20:51.981089,.,166,baseline_historico,9,extracted
Sin Limpieza/batch_167.pdf,batch_167.pdf,68eecb4c7cd91cce20497c632bfcde03b20cd53f413c07d6341cc834b18352d2,314487,2026-03-04T22:20:50.591643,.,167,baseline_historico,1,extracted
Sin Limpieza/batch_168.pdf,batch_168.pdf,a2fc64c90e0837fcd7e809b2bc2eadfc7ceb3112835fb588ba847d2e69893270,3126049,2026-03-04T22:20:51.797002,.,168,baseline_historico,9,extracted
Sin Limpieza/batch_169.pdf,batch_169.pdf,eedd364fd9b48d8067a091ecedb9b98abcedeed0159e1523bc849bc258c6609a,3129662,2026-03-04T22:20:51.718254,.,169,baseline_historico,8,extracted
Sin Limpieza/batch_17.pdf,batch_17.pdf,f6f873c70122270f665802402a265926c9d7e53589c91274dbb94f8b96884eac,3133385,2026-03-04T22:21:05.251507,.,17,baseline_historico,8,extracted
Sin Limpieza/batch_170.pdf,batch_170.pdf,a44590b5926002d57df930daef0ef23d035c2b5b7e6b5ae591f0095aad348397,3132925,2026-03-04T22:20:51.606165,.,170,baseline_historico,8,extracted
Sin Limpieza/batch_171.pdf,batch_171.pdf,a07ca7bd2f75153021ec9c779f40cb925d68f2514f3946e5cc6b8878ea8359ae,3145805,2026-03-04T22:20:51.289938,.,171,baseline_historico,10,extracted
Sin Limpieza/batch_172.pdf,batch_172.pdf,4de2d19eb30373c19aabcb8d165fb771b16bcbdc2c9a2b74612565ea58552a35,3125984,2026-03-04T22:20:50.937662,.,172,baseline_historico,9,extracted
Sin Limpieza/batch_173.pdf,batch_173.pdf,c4fc443c6f0d90baf61ee79fb422f20ed9670f15411994973c949d79d1e04d54,3132368,2026-03-04T22:20:50.755893,.,173,baseline_historico,9,extracted
Sin Limpieza/batch_174.pdf,batch_174.pdf,7d8a1c9ecea6bd4442fc1b7bfdbc4799085badf9140fc26a9dca5c586de15fa3,3137038,2026-03-04T22:20:51.378152,.,174,baseline_historico,9,extracted
Sin Limpieza/batch_175.pdf,batch_175.pdf,fe744a89cd65af58f80cf3f95900f3cacb8eb2843b0ad01eb6eaa9b3036c8fde,2815885,2026-03-04T22:20:51.206432,.,175,baseline_historico,9,extracted
Sin Limpieza/batch_176.pdf,batch_176.pdf,c53ec6c86cee03ffa37ddb765fc2e53a292d80d5bea74bc61a77eb0079a1fcae,3132381,2026-03-04T22:20:51.488065,.,176,baseline_historico,9,extracted
Sin Limpieza/batch_177.pdf,batch_177.pdf,f5c99920c1f10b357ff47478d3c3fdb35f00e145bd146b970b93f8d126b4f511,3129784,2026-03-04T22:20:51.123038,.,177,baseline_historico,9,extracted
Sin Limpieza/batch_178.pdf,batch_178.pdf,70fda2d4a6abc531721c3bdb23326f49f81177ca83799188cb1240083885b05d,3126590,2026-03-04T22:20:50.843601,.,178,baseline_historico,10,extracted
Sin Limpieza/batch_179.pdf,batch_179.pdf,d82e63dcb39ffde30e184c31ac3c7ad6490db4eed12dd7b61eadb61c2eaa9560,3126221,2026-03-04T22:20:51.045677,.,179,baseline_historico,9,extracted
Sin Limpieza/batch_18.pdf,batch_18.pdf,ab6b35b7618c0258d5dd19c6521c1fe95e1b6290bce2ed33afc433da7e07cfcc,3127991,2026-03-04T22:21:04.828968,.,18,baseline_historico,10,extracted
Sin Limpieza/batch_180.pdf,batch_180.pdf,ba78fb1f9d0bc06e3ea9359f9ad4d4a81d4371ebbbdd13f9fd802baedc0a896f,3127367,2026-03-04T22:20:50.674477,.,180,baseline_historico,8,extracted
Sin Limpieza/batch_181.pdf,batch_181.pdf,6306008345718a96ccf75c64a58fead63f777a1fdcff0c2b01d929ab3406b000,3132230,2026-03-04T22:20:50.569642,.,181,baseline_historico,6,extracted
Sin Limpieza/batch_182.pdf,batch_182.pdf,b66a728b10a8a3d7e3495d7633e02627f425242e7f44fc5a5f5362a95a41b129,3124756,2026-03-04T22:20:50.405025,.,182,baseline_historico,9,extracted
Sin Limpieza/batch_183.pdf,batch_183.pdf,89d43ec520b0fa605d1c835e5cce13f616910cb1c853da7f77275acec8b44cc2,3127611,2026-03-04T22:20:50.495346,.,183,baseline_historico,7,extracted
Sin Limpieza/batch_184.pdf,batch_184.pdf,1e8fdcac6be96d27d4ebad03702570b7b20fec66481bee59c29e8d7456ed07e3,3132504,2026-03-04T22:20:50.144853,.,184,baseline_historico,8,extracted
Sin Limpieza/batch_185.pdf,batch_185.pdf,0a4212af10ad1073f19da22eb591672d833a5c0cd63cd7a1133123179a48df58,3136767,2026-03-04T22:20:50.324475,.,185,baseline_historico,9,extracted
Sin Limpieza/batch_186.pdf,batch_186.pdf,ba630c68593e98190aead5aafd80ed187aab6ab7000b919138e30734d8a4c0bf,3137761,2026-03-04T22:20:50.222728,.,186,baseline_historico,8,extracted
Sin Limpieza/batch_187.pdf,batch_187.pdf,3807712be3317e0913bc8b4aac08cfcca42a56126cb62584f1473f3738c7cd80,3129671,2026-03-04T22:20:50.077944,.,187,baseline_historico,9,extracted
Sin Limpieza/batch_188.pdf,batch_188.pdf,66689fc24e4b701391bf36484c751f875b33bc0564fe634b0b8e0bb690e3edb4,3133967,2026-03-04T22:20:49.908973,.,188,baseline_historico,9,extracted
Sin Limpieza/batch_189.pdf,batch_189.pdf,3879e271571934cbbdf31b343f7d5f40fc36680afc55d84195996107063d8905,3128104,2026-03-04T22:20:49.988071,.,189,baseline_historico,10,extracted
Sin Limpieza/batch_19.pdf,batch_19.pdf,af23cac0fe6b6d448f28a954bca07364890eb9e68e6caf08db7254264f02830d,3132512,2026-03-04T22:21:04.230732,.,19,baseline_historico,10,extracted
Sin Limpieza/batch_190.pdf,batch_190.pdf,5fa984ad46d4a62ce4746b9e9c45f4a4e9e3e253e00a3f4a8982f46e0459fd52,3125297,2026-03-04T22:20:49.834059,.,190,baseline_historico,9,extracted
Sin Limpieza/batch_191.pdf,batch_191.pdf,fa5ab9253764399bcd072d2ca529ab08c65e82e91f8b650264bc07a3eea2c050,3141067,2026-03-04T22:20:49.574005,.,191,baseline_historico,10,extracted
Sin Limpieza/batch_192.pdf,batch_192.pdf,487a570aa749246f6c77c3232fa05f533466cf98e797c5eb6f704838e61759e4,3139135,2026-03-04T22:20:49.763511,.,192,baseline_historico,8,extracted
Sin Limpieza/batch_193.pdf,batch_193.pdf,e23630d702c7f1a4af7a9bae7d22e1a8518603da9db873bee0e081304e33d009,3136105,2026-03-04T22:20:49.438809,.,193,baseline_historico,10,extracted
Sin Limpieza/batch_194.pdf,batch_194.pdf,bc84f646484c797344b8c8e57fb57c2beeb549f01e8717032abcfb5613f53f33,3138949,2026-03-04T22:20:49.700473,.,194,baseline_historico,8,extracted
Sin Limpieza/batch_195.pdf,batch_195.pdf,58e2b680b31ecf1b6699d1a3db1677af7abe079c0ae02c03a79a60e42d0a0923,3135355,2026-03-04T22:20:49.636910,.,195,baseline_historico,10,extracted
Sin Limpieza/batch_196.pdf,batch_196.pdf,c934972e2d9c4f5cb50abf1ea66e7a8e089c4842a7ba186f88983116e50fbbff,942042,2026-03-04T22:20:48.939989,.,196,baseline_historico,3,extracted
Sin Limpieza/batch_197.pdf,batch_197.pdf,0dea022158ca9dace04915f7d5d67edae989de51a5474590f368af92ecb6323a,3130406,2026-03-04T22:20:49.189867,.,197,baseline_historico,10,extracted
Sin Limpieza/batch_198.pdf,batch_198.pdf,bbe8f1b50cf4f0902fd09926d5dccb5a5bb4a23427292dfac937b4ee6d4b1e71,3129000,2026-03-04T22:20:49.238429,.,198,baseline_historico,9,extracted
Sin Limpieza/batch_199.pdf,batch_199.pdf,83ac962bc31b3501978adf5bed8f79be431780800f689a1266ef6a054f37e5b7,3133979,2026-03-04T22:20:49.289137,.,199,baseline_historico,10,extracted
Sin Limpieza/batch_2.pdf,batch_2.pdf,215379b6ba108b143e9a3329ba6a4d7e8c366fd79b5c573768b73d4669c87cc1,3125240,2026-03-04T22:21:06.393795,.,2,baseline_historico,7,extracted
Sin Limpieza/batch_20.pdf,batch_20.pdf,e3193208a609ffd379ec912fc2ac20ff7633cf9773ad4e86a8c2ae9bf875124d,3125208,2026-03-04T22:21:04.397057,.,20,baseline_historico,8,extracted
Sin Limpieza/batch_200.pdf,batch_200.pdf,b372d5ce21c30806c464c310de7c3f00edd67b89105007cf0e99c352eca7bc5b,3138997,2026-03-04T22:20:49.511005,.,200,baseline_historico,10,extracted
Sin Limpieza/batch_201.pdf,batch_201.pdf,f392a807b33ffda2c96cd92ed529e2b5f433b3c2e0778598dd5bf703f8b5eb70,3137264,2026-03-04T22:20:49.346456,.,201,baseline_historico,8,extracted
Sin Limpieza/batch_202.pdf,batch_202.pdf,174aac119d98007191b3ae66a399f755bbdb9278bbdb7e23270fe2beae382155,3133380,2026-03-04T22:20:49.142955,.,202,baseline_historico,7,extracted
Sin Limpieza/batch_203.pdf,batch_203.pdf,5535f267a372c7388d89e3f16fbeb02158e11ed787e15ba4bdd3914eb4717eae,2197560,2026-03-04T22:20:49.010414,.,203,baseline_historico,7,extracted
Sin Limpieza/batch_204.pdf,batch_204.pdf,6ffa11ccdbdaa4c07d1ecc8e375ef59cbdaf995edbbae0083599fa4f7869bb15,3135403,2026-03-04T22:20:49.098231,.,204,baseline_historico,9,extracted
Sin Limpieza/batch_205.pdf,batch_205.pdf,ebf39a6610dfc7d2eb2933d8468b8abe02003c001ac62012801c0113f3e61e08,315414,2026-03-04T22:20:45.697013,.,205,baseline_historico,1,extracted
Sin Limpieza/batch_206.pdf,batch_206.pdf,5fce8bfffa17e7035a67e456f9b5a9e7071ae7dfbe655df07509a20de0074da5,3138878,2026-03-04T22:20:49.054208,.,206,baseline_historico,9,extracted
Sin Limpieza/batch_207.pdf,batch_207.pdf,0ddced467216f353ce6815de8df4ac623605b8f76a198a42adfe1cfd44067ff5,3129994,2026-03-04T22:20:48.918478,.,207,baseline_historico,8,extracted
Sin Limpieza/batch_208.pdf,batch_208.pdf,55dbf0cdab8624316288d0ebb2272703167d33ccc47215dd39663a1ef64381cc,3131505,2026-03-04T22:20:46.531836,.,208,baseline_historico,8,extracted
Sin Limpieza/batch_209.pdf,batch_209.pdf,2636d421a3accd3f0e29b24d85ff50454551c5d13cb9c3c70067bb3918bd8f79,3133694,2026-03-04T22:20:47.004466,.,209,baseline_historico,9,extracted
Sin Limpieza/batch_21.pdf,batch_21.pdf,7a5cacb21248184badf8d8dbe1db6e90f718d900c15f19fcf0e1f38ca902dc0d,3133630,2026-03-04T22:21:05.435852,.,21,baseline_historico,9,extracted
Sin Limpieza/batch_210.pdf,batch_210.pdf,779b39c677b1f00ee6b0c54f3aeafa7489e21ca181cc12f2dddca100cff98145,3133446,2026-03-04T22:20:46.057014,.,210,baseline_historico,10,extracted
Sin Limpieza/batch_211.pdf,batch_211.pdf,680e12f12dbd6fa6c72351b3ddf7ff126ac86485d40e9cb9563bc1c2013b019d,3128859,2026-03-04T22:20:47.590969,.,211,baseline_historico,9,extracted
Sin Limpieza/batch_212.pdf,batch_212.pdf,f00e2cfd9ca0565f9ea13b90d06c942d74f6b4263e4ded2c6a74a707f3084866,3130363,2026-03-04T22:20:45.939475,.,212,baseline_historico,9,extracted
Sin Limpieza/batch_213.pdf,batch_213.pdf,5fa0a46e30f6fac0a5b15b277d50a3926a022bcbd901eb89abcfffe7b8280cae,3140859,2026-03-04T22:20:48.826248,.,213,baseline_historico,8,extracted
Sin Limpieza/batch_214.pdf,batch_214.pdf,1395bda68a670c2f63b63d98193f55a38b5e4a32729bb8e67ff465abe8866026,3130620,2026-03-04T22:20:46.148799,.,214,baseline_historico,9,extracted
Sin Limpieza/batch_215.pdf,batch_215.pdf,89a036b554bd00317bd91b8640f2ffb9378bb7ffa79f5100bf036ec37911751d,2190612,2026-03-04T22:20:45.360067,.,215,baseline_historico,7,extracted
Sin Limpieza/batch_216.pdf,batch_216.pdf,1cc9b452954ce50bf6f2be108e4492c4c6580ca69bc847c67c4ca5c72e7f8664,3131220,2026-03-04T22:20:45.507982,.,216,baseline_historico,10,extracted
Sin Limpieza/batch_217.pdf,batch_217.pdf,153c013605d6cb1bd2648f026e2bfd9d4faa1ee4ba679a800db22093a350ed8a,3135586,2026-03-04T22:20:45.777572,.,217,baseline_historico,10,extracted
Sin Limpieza/batch_218.pdf,batch_218.pdf,1c4a5dea23dc882a3dfe0bd95381825a38903532e6e17976a667af6d58913fea,1880958,2026-03-04T22:20:44.823253,.,218,baseline_historico,6,extracted
Sin Limpieza/batch_219.pdf,batch_219.pdf,0c579d3e4b4cb0e86a6dd056e4076d0362d24a2051ecb971f27aa3db80cbc5dc,3136227,2026-03-04T22:20:45.855966,.,219,baseline_historico,10,extracted
Sin Limpieza/batch_22.pdf,batch_22.pdf,be292a9611156a544d31b6b4805e3ae0b4b5d40e709efbd18a4422fd0064b876,3134205,2026-03-04T22:21:04.587500,.,22,baseline_historico,7,extracted
Sin Limpieza/batch_220.pdf,batch_220.pdf,044ca2217e6343a078d6bdf6fe8c7101afd5ab2639bd89444146992dac413d4b,3134233,2026-03-04T22:20:45.664988,.,220,baseline_historico,9,extracted
Sin Limpieza/batch_221.pdf,batch_221.pdf,9135856ebc033154f973a1aa7b137bc721e7557ccfd372136812bb7d9c7729e3,3132725,2026-03-04T22:20:45.428638,.,221,baseline_historico,9,extracted
Sin Limpieza/batch_222.pdf,batch_222.pdf,2a43842db4de52a67a5b9e7022fb68b1be5a5f913176f592344e651f071e4ea8,3131369,2026-03-04T22:20:45.580508,.,222,baseline_historico,9,extracted
Sin Limpieza/batch_223.pdf,batch_223.pdf,d7666076b1d4eca91f4a4872f34edfb74e84e3fce059bc1adb4ebad54b3db8f2,3148988,2026-03-04T22:20:45.127762,.,223,baseline_historico,9,extracted
Sin Limpieza/batch_224.pdf,batch_224.pdf,becc5266181e9a6482886f541ecbe37c059db710073d509fa76b084f2b578d1c,3144309,2026-03-04T22:20:44.895243,.,224,baseline_historico,6,extracted
Sin Limpieza/batch_225.pdf,batch_225.pdf,45b651d630ff8ccb693f3ffe013f7bfb96d517fe8d04c4d58fa055c895cea2da,3150196,2026-03-04T22:20:45.304018,.,225,baseline_historico,9,extracted
Sin Limpieza/batch_226.pdf,batch_226.pdf,7e49ceeada02efcafa7099e8a1b630412a6dc6b64ee14e7ff45a36db8c24dc9f,3149450,2026-03-04T22:20:44.350881,.,226,baseline_historico,8,extracted
Sin Limpieza/batch_227.pdf,batch_227.pdf,073af664b143cc2d8c6087be0db6a5e817fab8e2066b7abe609a26ffde515e3f,3148304,2026-03-04T22:20:45.229783,.,227,baseline_historico,10,extracted
Sin Limpieza/batch_228.pdf,batch_228.pdf,1c078a568241eb26928b31a117d9dda8ff8c51797c028d06ef3d29c32fcc5f8f,3154423,2026-03-04T22:20:45.047530,.,228,baseline_historico,10,extracted
Sin Limpieza/batch_229.pdf,batch_229.pdf,010554f72f51ac553d970997d26ed35383b84e3ca22721cb5aa718eab7dfa374,3130548,2026-03-04T22:20:44.762762,.,229,baseline_historico,8,extracted
Sin Limpieza/batch_23.pdf,batch_23.pdf,5b1774eb65c5cc3da07ecf5c0b6d26632345405827e76dcf7d475ff8704644c7,3128452,2026-03-04T22:21:04.486559,.,23,baseline_historico,8,extracted
Sin Limpieza/batch_230.pdf,batch_230.pdf,aaebb1c43c96cfffd049b672181dab7f7f0c1e87392173de45b07c8667921701,3136311,2026-03-04T22:20:44.505113,.,230,baseline_historico,9,extracted
Sin Limpieza/batch_231.pdf,batch_231.pdf,222efb4aa54ecd621c6cd3cb50b31e3867cf5f3baab171a6d473f365ae757d2d,3151143,2026-03-04T22:20:44.971365,.,231,baseline_historico,10,extracted
Sin Limpieza/batch_232.pdf,batch_232.pdf,e124ac0adc148805eb3f7575b333bd9dbf2cc52fc5d3ab1679f04b813363ab96,2205887,2026-03-04T22:20:44.169270,.,232,baseline_historico,6,extracted
Sin Limpieza/batch_233.pdf,batch_233.pdf,33bfab2240bb916fad9d4323095cd7f9893ca340d20fe89c40ea18853fd3e7d7,3133401,2026-03-04T22:20:44.578465,.,233,baseline_historico,10,extracted
Sin Limpieza/batch_234.pdf,batch_234.pdf,178cd4eb745fea3be96642b98a74b6b1ad5adda276d81d3803804befc19d2023,2198701,2026-03-04T22:20:44.018720,.,234,baseline_historico,7,extracted
Sin Limpieza/batch_235.pdf,batch_235.pdf,bbfdf680e1f60e13d37e00bb6f207d691029f05aedd0fab25b601bd25495f0a5,3144210,2026-03-04T22:20:44.664894,.,235,baseline_historico,9,extracted
Sin Limpieza/batch_236.pdf,batch_236.pdf,d11e690b30d89e0cdb1d7d1be053e3479a49064db24a455f38c9b75ff2b42796,3144276,2026-03-04T22:20:44.272716,.,236,baseline_historico,9,extracted
Sin Limpieza/batch_237.pdf,batch_237.pdf,65c1fa92fef5674d4d865d778b664aa6abd4923acde333789c77446e84a96d19,3145475,2026-03-04T22:20:44.430158,.,237,baseline_historico,9,extracted
Sin Limpieza/batch_238.pdf,batch_238.pdf,7897e4c250003b8629c479ff3ba7cfdfbf389035fa669016535d5467a3a7122c,3141973,2026-03-04T22:20:44.094014,.,238,baseline_historico,9,extracted
Sin Limpieza/batch_239.pdf,batch_239.pdf,23d40df98d98b4f1e21181e015972d0fb5882f227e3f26de1b8147296abfbb12,3171783,2026-03-04T22:20:43.947222,.,239,baseline_historico,7,extracted
Sin Limpieza/batch_24.pdf,batch_24.pdf,ca8af6b88464644fb9719715323022b9b407bf69d0e0055bf673d4541cd335c8,3127140,2026-03-04T22:21:04.663100,.,24,baseline_historico,10,extracted
Sin Limpieza/batch_240.pdf,batch_240.pdf,9ba3c5add06bb6c363ad743f48a87ffbf1c6f27e739be003f599d5f4d8e43783,2520744,2026-03-04T22:20:43.535558,.,240,baseline_historico,6,extracted
Sin Limpieza/batch_241.pdf,batch_241.pdf,e492fafe85f84b4c22b359305581c81566e8ada38364ad6b3b214d8e21963f09,3144302,2026-03-04T22:20:43.784321,.,241,baseline_historico,9,extracted
Sin Limpieza/batch_242.pdf,batch_242.pdf,2162c0a42d801bc2c45c95799ac1b447a1e07d95591e9104d14afe7da48ecdb2,3138675,2026-03-04T22:20:43.869304,.,242,baseline_historico,10,extracted
Sin Limpieza/batch_243.pdf,batch_243.pdf,62ed084a06b45a63f240280cd5152f07a6618e441acfdcd8128848eab7211765,3158286,2026-03-04T22:20:43.613189,.,243,baseline_historico,9,extracted
Sin Limpieza/batch_244.pdf,batch_244.pdf,06da8ec3176574b22354f54234f7081c7e03ed14040fe71037da3ad43f93f1c1,1572145,2026-03-04T22:20:42.673860,.,244,baseline_historico,5,extracted
Sin Limpieza/batch_245.pdf,batch_245.pdf,ade659d578f546def8c028af973e59df6fe15b0070f20ba56c19e346f81b4f8f,3137695,2026-03-04T22:20:43.692990,.,245,baseline_historico,9,extracted
Sin Limpieza/batch_246.pdf,batch_246.pdf,c96c200e01f7dc8061b2d7ae7f18000ec82655295d92aa142aceebd665cf6882,1577203,2026-03-04T22:20:42.146845,.,246,baseline_historico,4,extracted
Sin Limpieza/batch_247.pdf,batch_247.pdf,0c5be193a973a846a85c5dd5879d90ac15af1eb0f49500031e4afe267f466e23,3139774,2026-03-04T22:20:43.049508,.,247,baseline_historico,9,extracted
Sin Limpieza/batch_248.pdf,batch_248.pdf,7b8743f841351f5e8ed24c6ee9957acf2effc6eac5c4f163415a6ca6f067dbb0,3142913,2026-03-04T22:20:43.292365,.,248,baseline_historico,9,extracted
Sin Limpieza/batch_249.pdf,batch_249.pdf,2a5c9c5b5813ca7556a41290735b04285542ffff0db0300c23bdc7bb0b2fcb97,3159788,2026-03-04T22:20:43.135080,.,249,baseline_historico,10,extracted
Sin Limpieza/batch_25.pdf,batch_25.pdf,0f5ba6fe2d6d83c26768a6ddc093af337a10fcae9c70f1a39c7ac127a055452c,3131651,2026-03-04T22:21:05.094216,.,25,baseline_historico,9,extracted
Sin Limpieza/batch_250.pdf,batch_250.pdf,f4e30d6013bd60cc406106008fff1726178e5a893a80fb5a7e31a5a9c37113d3,3138016,2026-03-04T22:20:43.214691,.,250,baseline_historico,7,extracted
Sin Limpieza/batch_251.pdf,batch_251.pdf,5c3d6544e4fd3505ed2d51a6343b37cfa8cf91c330faa6e52ac850add9af1855,3148524,2026-03-04T22:20:43.462802,.,251,baseline_historico,10,extracted
Sin Limpieza/batch_252.pdf,batch_252.pdf,bb992715aff10c4dbf8f8faa6c34327d69902b46b2ee57e18f18694e4fa047dd,3151169,2026-03-04T22:20:42.872773,.,252,baseline_historico,9,extracted
Sin Limpieza/batch_253.pdf,batch_253.pdf,71f2f1ced6211569ac76d5af3917d6ed46a1b18961e5b90320bdf22463d2a9f2,3144363,2026-03-04T22:20:42.953522,.,253,baseline_historico,10,extracted
Sin Limpieza/batch_254.pdf,batch_254.pdf,45b506e69810d902f714dc2c835ab2b599ec2581a138d6ca713620558a825fc6,3153393,2026-03-04T22:20:43.380973,.,254,baseline_historico,8,extracted
Sin Limpieza/batch_255.pdf,batch_255.pdf,49a07b662623150c574b0427b169a01516cddafc9134f1f50cc2ec58ab7ea4d2,3144751,2026-03-04T22:20:42.516978,.,255,baseline_historico,9,extracted
Sin Limpieza/batch_256.pdf,batch_256.pdf,b3af0294027e88bcd34e4c4c8b5ffdf572df047855312439a513f18de56d2513,3140378,2026-03-04T22:20:42.777589,.,256,baseline_historico,10,extracted
Sin Limpieza/batch_257.pdf,batch_257.pdf,1c8c6db8241ed2450bd0486416aa2820190fd30fff4694952f4b603a68c00838,3136155,2026-03-04T22:20:42.402200,.,257,baseline_historico,8,extracted
Sin Limpieza/batch_258.pdf,batch_258.pdf,609cedcfdb066f9cd2a970cb8e11b5ff8cf543f13c08976edff4282e334aa28d,3137642,2026-03-04T22:20:42.260443,.,258,baseline_historico,10,extracted
Sin Limpieza/batch_259.pdf,batch_259.pdf,aa0c3150727a4f732b49aee06e95c33a30fe64e55a7414e7e7bda341c5bce26c,2511500,2026-03-04T22:20:41.715824,.,259,baseline_historico,7,extracted
Sin Limpieza/batch_26.pdf,batch_26.pdf,10daae63e29df553d45f524ccdd32801a6231c0101907ae615d12a12dc9579a2,3126542,2026-03-04T22:21:04.054568,.,26,baseline_historico,8,extracted
Sin Limpieza/batch_260.pdf,batch_260.pdf,d78d71b04daee5788a8b0b125499f683960c39f14349c57c5318510a03ab9e40,3137630,2026-03-04T22:20:42.613516,.,260,baseline_historico,9,extracted
Sin Limpieza/batch_261.pdf,batch_261.pdf,62975abfab195e1b740491a3cab96c1e8de45cc3df1d95f105177ec9dfd2978b,3129784,2026-03-04T22:20:41.955462,.,261,baseline_historico,10,extracted
Sin Limpieza/batch_262.pdf,batch_262.pdf,183d3cc6f828fc43b45d671b4779f2ddc425bc1d5ca6603654a1ed215e8bfbf0,3134907,2026-03-04T22:20:42.080379,.,262,baseline_historico,9,extracted
Sin Limpieza/batch_263.pdf,batch_263.pdf,dd2221a6ee91c7ba71563a5bcfcd718e2238b8f27c2f46798b6848c58ea0254a,947096,2026-03-04T22:20:40.713392,.,263,baseline_historico,3,extracted
Sin Limpieza/batch_264.pdf,batch_264.pdf,68d4ba2fe0b8cc5aead2ab4bd21b0e0092144cf6fc088dc4fb7260fdb923194d,3133926,2026-03-04T22:20:41.379062,.,264,baseline_historico,10,extracted
Sin Limpieza/batch_265.pdf,batch_265.pdf,5e88b58ba669eba4cb674f33da52127a8651c41be0d3a6bac4dd538720ddf635,3139575,2026-03-04T22:20:41.840865,.,265,baseline_historico,9,extracted
Sin Limpieza/batch_266.pdf,batch_266.pdf,8f18fb23de8134611daf7296d20ea1a37d170e5740764ffd817556bc4ed0c99a,3131188,2026-03-04T22:20:41.504281,.,266,baseline_historico,10,extracted
Sin Limpieza/batch_267.pdf,batch_267.pdf,ca0171fe455a2c5e8211fc8d28513f4f71e350bea14c3c41adbec3fa3f7b93da,3138935,2026-03-04T22:20:41.273512,.,267,baseline_historico,10,extracted
Sin Limpieza/batch_268.pdf,batch_268.pdf,64958d70d6e27d4a7eabc4c93c30064c39939696c109384d9a70ea62de191503,3142956,2026-03-04T22:20:41.616447,.,268,baseline_historico,9,extracted
Sin Limpieza/batch_269.pdf,batch_269.pdf,87514c0c21b927220a53ec9ef48b9faebeeb62e483709f71f0c6fcc682a48887,3148574,2026-03-04T22:20:41.152053,.,269,baseline_historico,10,extracted
Sin Limpieza/batch_27.pdf,batch_27.pdf,828b4614823e65a439fe20e8d97dee4af3f21c43ac0ed1dd5a137151eca8378a,3125353,2026-03-04T22:21:04.313251,.,27,baseline_historico,8,extracted
Sin Limpieza/batch_270.pdf,batch_270.pdf,5f8c3a0c961c9c20de7f9fafaf616329ec0438e961d1f7f6b3b6f451bc2a9abc,3124331,2026-03-04T22:20:41.036025,.,270,baseline_historico,8,extracted
Sin Limpieza/batch_271.pdf,batch_271.pdf,236bf0affe71aa2599b82ae065ed4d5c94f63a064b4d3170c8046ffbd9a4f127,3138598,2026-03-04T22:20:40.924551,.,271,baseline_historico,9,extracted
Sin Limpieza/batch_272.pdf,batch_272.pdf,1110ec2e8daf6db802543e35f9d2c224ae8163963ddd4391349f96cf1091a197,2821817,2026-03-04T22:20:40.563667,.,272,baseline_historico,8,extracted
Sin Limpieza/batch_273.pdf,batch_273.pdf,1a0baad176bf5c2aee068571b286d43266e9058b9df461f1a2f4074e033c2adb,3146566,2026-03-04T22:20:40.812328,.,273,baseline_historico,10,extracted
Sin Limpieza/batch_274.pdf,batch_274.pdf,b101195f0dd3d8ef365e0d0818c77954ba7f0aade64a1fa25794cd6d6fdea19e,1570929,2026-03-04T22:20:39.679961,.,274,baseline_historico,4,extracted
Sin Limpieza/batch_275.pdf,batch_275.pdf,aba30b06aa6da18359c4d1c4135926a740a6ea247e7e8b77b99f3350e8ebdd42,3156573,2026-03-04T22:20:40.365335,.,275,baseline_historico,10,extracted
Sin Limpieza/batch_276.pdf,batch_276.pdf,3e511887fc4c2983a4e2ca52dff379c01345893eb04cbbd0eceb84095baf9ac9,3131738,2026-03-04T22:20:40.080151,.,276,baseline_historico,10,extracted
Sin Limpieza/batch_277.pdf,batch_277.pdf,dfc188e4774979ed577bd6a65aac76d131cb8161c5d4982afa744e859e91c5de,3131161,2026-03-04T22:20:40.465070,.,277,baseline_historico,10,extracted
Sin Limpieza/batch_278.pdf,batch_278.pdf,1887a90446adea2b9e890c9958b4bdfdc1cbd087ce30c6452994e5d36c3bd058,3139095,2026-03-04T22:20:40.664358,.,278,baseline_historico,9,extracted
Sin Limpieza/batch_279.pdf,batch_279.pdf,311c1496c7d76e6cd68a30ef14325e040da3bd3d943c1dbed3321bd428f1e212,1881883,2026-03-04T22:20:39.757831,.,279,baseline_historico,5,extracted
Sin Limpieza/batch_28.pdf,batch_28.pdf,9b910b57c8857e0b70bf4f6170f52277646ebd26eb7b29af0be80835934cbf77,1248146,2026-03-04T22:21:02.700752,.,28,baseline_historico,4,extracted
Sin Limpieza/batch_280.pdf,batch_280.pdf,bcf4e9a80d3c199ed1ccac0e65357e8bb3f84425560291b236bd502e0a96993d,3139748,2026-03-04T22:20:40.273837,.,280,baseline_historico,8,extracted
Sin Limpieza/batch_281.pdf,batch_281.pdf,a5d87cf22d6df34f9f79f3fbf89ce26d8d6be65d456744e696aae7dfe643230e,3145810,2026-03-04T22:20:39.973262,.,281,baseline_historico,9,extracted
Sin Limpieza/batch_282.pdf,batch_282.pdf,11926c915ac612b711129d84b99849bb317f70b28b2ec1c60149d53085ee5644,3143314,2026-03-04T22:20:40.180703,.,282,baseline_historico,8,extracted
Sin Limpieza/batch_283.pdf,batch_283.pdf,64516174ef42d0afc282be9b3a746fdf619d0f658438cc44f2c7c92ba9f80af2,3147421,2026-03-04T22:20:39.866308,.,283,baseline_historico,7,extracted
Sin Limpieza/batch_284.pdf,batch_284.pdf,3b92d40fd513a8de023bc240d370b2302bff391f321d902916df36986bc1804b,626100,2026-03-04T22:20:38.527022,.,284,baseline_historico,2,extracted
Sin Limpieza/batch_285.pdf,batch_285.pdf,a17d85b813868dc5c8940b080cf77b5028facac558e692a95faa7f9dcbff42ea,3158909,2026-03-04T22:20:39.479468,.,285,baseline_historico,9,extracted
Sin Limpieza/batch_286.pdf,batch_286.pdf,1a7522e2dffc9e4c3a0c029745d2e02c901ac22fd8e4627a7c59f00cc5fdba07,3153783,2026-03-04T22:20:39.610538,.,286,baseline_historico,10,extracted
Sin Limpieza/batch_287.pdf,batch_287.pdf,e5c850651bcced15936f2fc80a798f10cab5b34ab0b126aed4eaec308859c7ed,3131259,2026-03-04T22:20:39.206051,.,287,baseline_historico,10,extracted
Sin Limpieza/batch_288.pdf,batch_288.pdf,e6de0fc7f562dba563bd43e327f46c9efa6e23dd9d18443a49864e8b6d932d33,3140249,2026-03-04T22:20:38.938696,.,288,baseline_historico,7,extracted
Sin Limpieza/batch_289.pdf,batch_289.pdf,00c2675c2dfcbed750ef1d6e92925f731d2a046af9da0c3ce9fa55d84f4c2ea3,3145862,2026-03-04T22:20:39.338637,.,289,baseline_historico,10,extracted
Sin Limpieza/batch_29.pdf,batch_29.pdf,391f2b23b22e014696526317b8dc5eecda55dc81d3a35cd2d10b7ffd3837d5d0,3137453,2026-03-04T22:21:03.945108,.,29,baseline_historico,10,extracted
Sin Limpieza/batch_290.pdf,batch_290.pdf,e7c17accfcec1202d16979abcc22f7e439e75165070e46f483855095f4f3dec1,3134798,2026-03-04T22:20:38.629874,.,290,baseline_historico,7,extracted
Sin Limpieza/batch_291.pdf,batch_291.pdf,5ebb885aedb2f8ca522fb508cd961e19726f18407d8b29e1ecc07732edeacd73,3152739,2026-03-04T22:20:38.740776,.,291,baseline_historico,10,extracted
Sin Limpieza/batch_292.pdf,batch_292.pdf,715e333a77e17b966eeb312d6807f61abbaa9e970f50ce2becb5639b4256f90d,3138629,2026-03-04T22:20:39.040062,.,292,baseline_historico,10,extracted
Sin Limpieza/batch_293.pdf,batch_293.pdf,db6617902bcb63ddc0dc1b38a4a2325fb4a00ca7b7ad2a91f96b550905207b03,313270,2026-03-04T22:20:38.197011,.,293,baseline_historico,1,extracted
Sin Limpieza/batch_294.pdf,batch_294.pdf,3083347db8b03f430f843c091b5337207391b841122a8e776da419da1fcf7584,3143009,2026-03-04T22:20:38.284039,.,294,baseline_historico,10,extracted
Sin Limpieza/batch_295.pdf,batch_295.pdf,e61070d2ef8db4b6cbe74c1845c8ba563fe639eaf676f3fdc8962fbb37c464d5,3138316,2026-03-04T22:20:38.851063,.,295,baseline_historico,10,extracted
Sin Limpieza/batch_296.pdf,batch_296.pdf,f4b6aec02e358082bc95f12e8b3a7423e865f1e7198b17f20657c25cedb47655,3136539,2026-03-04T22:20:38.386127,.,296,baseline_historico,7,extracted
Sin Limpieza/batch_297.pdf,batch_297.pdf,f24eba3c35e237effc46074c675e8d2789a27a94784b5cf947d4e1533f3b1fe4,3131256,2026-03-04T22:20:38.488545,.,297,baseline_historico,10,extracted
Sin Limpieza/batch_298.pdf,batch_298.pdf,06cecc4031766f650b645f5091dd25353f67b9fe760153eee7d29ab62b145632,626369,2026-03-04T22:20:38.155628,.,298,baseline_historico,2,extracted
Sin Limpieza/batch_3.pdf,batch_3.pdf,ed1c7d891864defe6d7af385060f181f29362928f64683e9639e2c70c5740448,3135498,2026-03-04T22:21:05.972632,.,3,baseline_historico,8,extracted
Sin Limpieza/batch_30.pdf,batch_30.pdf,5a2a821fe9e4aad90660c072096ba35df30840ee9a2896fbb378f0de57ee9aec,3127105,2026-03-04T22:21:04.746166,.,30,baseline_historico,9,extracted
Sin Limpieza/batch_31.pdf,batch_31.pdf,86649868eb090281c209686c837e957196a6a22a3993963b852f181a5c5b9366,3127255,2026-03-04T22:21:03.849271,.,31,baseline_historico,9,extracted
Sin Limpieza/batch_32.pdf,batch_32.pdf,ba6e61ec5b713ea4e953d25a8c45e8a457aaacb382968b2ce0df2f7387378bd8,3128392,2026-03-04T22:21:04.145012,.,32,baseline_historico,6,extracted
Sin Limpieza/batch_33.pdf,batch_33.pdf,34bbcf88225739697c95016d5c6238f8577c43094efb068a1342c7bad32b96a2,3125406,2026-03-04T22:21:03.099977,.,33,baseline_historico,10,extracted
Sin Limpieza/batch_34.pdf,batch_34.pdf,338995b9283ec0bac77ef36189c7467170af5388bffb8147aa06849ca457e63e,3134891,2026-03-04T22:21:03.309036,.,34,baseline_historico,10,extracted
Sin Limpieza/batch_35.pdf,batch_35.pdf,39f32d333477261a6b3852b916a07824e137d3d023005c9ed10c7976e979bb74,3125599,2026-03-04T22:21:03.492196,.,35,baseline_historico,9,extracted
Sin Limpieza/batch_36.pdf,batch_36.pdf,3132b6a285df6bf8d7a1e5ccb213a503ddea039cecfa243a93502e3d0fb783d8,3126084,2026-03-04T22:21:03.397043,.,36,baseline_historico,9,extracted
Sin Limpieza/batch_37.pdf,batch_37.pdf,79562fca40b452a66ccaba321bfb5379f4fcbeaa43cafaee8daedb71e9a7dd44,3128049,2026-03-04T22:21:03.210542,.,37,baseline_historico,7,extracted
Sin Limpieza/batch_38.pdf,batch_38.pdf,e7a6e95d6359d1e89c3231179e0245039f7c8402b8aed45f83c5c3d5488d2841,3124338,2026-03-04T22:21:03.754212,.,38,baseline_historico,9,extracted
Sin Limpieza/batch_39.pdf,batch_39.pdf,8b55310f08afff2a648d76e23bb963029988ba12d80fa687cb81efe550b2b337,3127661,2026-03-04T22:21:03.587296,.,39,baseline_historico,9,extracted
Sin Limpieza/batch_4.pdf,batch_4.pdf,93be1735621e0569bc33025941fcc005d733fef141bf882e4c3f8281f4e63e35,3127413,2026-03-04T22:21:06.164226,.,4,baseline_historico,8,extracted
Sin Limpieza/batch_40.pdf,batch_40.pdf,81e15374c11b1a97d327941a5734eb32eaba55624840fe42e0ac13180261ca83,3124722,2026-03-04T22:21:03.674358,.,40,baseline_historico,9,extracted
Sin Limpieza/batch_41.pdf,batch_41.pdf,cfba08d125875541d9d29a6a294417471e6d35088e98f28330712b60908879de,3127786,2026-03-04T22:21:02.552597,.,41,baseline_historico,9,extracted
Sin Limpieza/batch_42.pdf,batch_42.pdf,d48e554a9c2a463f19d14dee9d70cac767c384016c41e1b37220c882fae8a8cb,3122518,2026-03-04T22:21:02.829050,.,42,baseline_historico,10,extracted
Sin Limpieza/batch_43.pdf,batch_43.pdf,ace0047edf20fd6211ee905d6c1a373bd72f0a56d9af82d10d155b183e036d6f,3125581,2026-03-04T22:21:02.249257,.,43,baseline_historico,9,extracted
Sin Limpieza/batch_44.pdf,batch_44.pdf,11846a17dd5753760891f58b82b3c91cce0bbdecd653152942a6d9d455e6ea0b,3126032,2026-03-04T22:21:02.956741,.,44,baseline_historico,9,extracted
Sin Limpieza/batch_45.pdf,batch_45.pdf,a825ce14784ec17dde61de354a321a63c447c3186b6139f62102f6ef34b7a978,1252274,2026-03-04T22:21:01.662299,.,45,baseline_historico,4,extracted
Sin Limpieza/batch_46.pdf,batch_46.pdf,2b56673ab0558c60bc1579b9591a5064b68984239581f503ab1cb6033ccb7ba3,1879536,2026-03-04T22:21:02.168771,.,46,baseline_historico,6,extracted
Sin Limpieza/batch_47.pdf,batch_47.pdf,c8607ac5a9d2256f52847390efb6cdd5f609667a80129e1921d6b7fb13ddadb9,3124286,2026-03-04T22:21:02.456827,.,47,baseline_historico,7,extracted
Sin Limpieza/batch_48.pdf,batch_48.pdf,afbcdb48a57c4f52726de2780e2ee16c3b8c0becf31275290f5bc439fb7908be,3120764,2026-03-04T22:21:02.338339,.,48,baseline_historico,8,extracted
Sin Limpieza/batch_49.pdf,batch_49.pdf,56d027d3de0c05b6083e3ad14658c191f0fd6f088595c3e71023a9c0225e68c1,3127505,2026-03-04T22:21:02.653262,.,49,baseline_historico,9,extracted
Sin Limpieza/batch_5.pdf,batch_5.pdf,c36e53b7a06b4b1dfb3bcf590a516efb8a89182b1c500a10df66932f81324553,1878304,2026-03-04T22:21:04.999331,.,5,baseline_historico,5,extracted
Sin Limpieza/batch_50.pdf,batch_50.pdf,2d97a260107a5f03a8d97aaad53b446df4ca5955dd662f3e443471024325e0a3,3132780,2026-03-04T22:21:02.017067,.,50,baseline_historico,8,extracted
Sin Limpieza/batch_51.pdf,batch_51.pdf,205f31e842be8ff87a96f8585c5af8246f2151f3271b16f5616cf5802a6e8ba7,3124781,2026-03-04T22:21:02.112048,.,51,baseline_historico,10,extracted
Sin Limpieza/batch_52.pdf,batch_52.pdf,6a8e61d67babee0f1fde4d88636c09f074a61a0d06e3c4c1c1f0fa1c33a13902,3127306,2026-03-04T22:21:01.841631,.,52,baseline_historico,10,extracted
Sin Limpieza/batch_53.pdf,batch_53.pdf,667cfe1e16d66ae6518b29555a6a528f703aad67f19d9aa7b69bc39f67f56713,3126506,2026-03-04T22:21:01.516345,.,53,baseline_historico,8,extracted
Sin Limpieza/batch_54.pdf,batch_54.pdf,f7654f217e204d190a18f448dd8e808a7b26c005722dddfa6312ef7ebdf5b997,3124611,2026-03-04T22:21:01.926733,.,54,baseline_historico,10,extracted
Sin Limpieza/batch_55.pdf,batch_55.pdf,991fafedaabf78e9f0509cf07fb2773eee1f62c400df7ed489745b9bd44d7a5b,3126526,2026-03-04T22:21:01.749966,.,55,baseline_historico,10,extracted
Sin Limpieza/batch_56.pdf,batch_56.pdf,bf555923334e15b8a7dc4734f18db1c902bc2b7cb25b90207b0fc3ef6af94d55,3130229,2026-03-04T22:21:01.419826,.,56,baseline_historico,10,extracted
Sin Limpieza/batch_57.pdf,batch_57.pdf,f8e3550d9c2bfaf4159742fdb97cb91911b075790438feb6331a2527e2941ea6,3126563,2026-03-04T22:21:01.108885,.,57,baseline_historico,8,extracted
Sin Limpieza/batch_58.pdf,batch_58.pdf,7bfc13124af0f74d8e863646925e36acac401c052745cb274e2ec25cc6980e29,3105586,2026-03-04T22:21:01.188124,.,58,baseline_historico,2,extracted
Sin Limpieza/batch_59.pdf,batch_59.pdf,4bc20725bab5d7421fc0429aa1ca892c0037e801c610c843081d80b01853d42d,3130542,2026-03-04T22:21:01.618762,.,59,baseline_historico,9,extracted
Sin Limpieza/batch_6.pdf,batch_6.pdf,5ce3c26e225d0f3ecb8c27a325c3981dc51a3cf323ec932a1e4a16b22f504ccb,3132678,2026-03-04T22:21:06.273131,.,6,baseline_historico,7,extracted
Sin Limpieza/batch_60.pdf,batch_60.pdf,818f5f110b753d95ed7c5355c07f515b033d79a85e713f2e37fbfadf5c81fffd,3128883,2026-03-04T22:21:01.344845,.,60,baseline_historico,6,extracted
Sin Limpieza/batch_61.pdf,batch_61.pdf,dd1e7dd814bd08fb3bd87a84d2d6cc8959012186e2c591a250252cc324336847,3129960,2026-03-04T22:21:01.266663,.,61,baseline_historico,9,extracted
Sin Limpieza/batch_62.pdf,batch_62.pdf,cb1235c25ca42a4aff4ddff40fd334cbf22b20270660e4bd66c0b47ed39abea9,3124469,2026-03-04T22:21:00.785041,.,62,baseline_historico,10,extracted
Sin Limpieza/batch_63.pdf,batch_63.pdf,fb248e203c9f45736adcb816f7ce930a4bef60190d4dc9d2360dba81b9fd49ee,624518,2026-03-04T22:20:59.688488,.,63,baseline_historico,2,extracted
Sin Limpieza/batch_64.pdf,batch_64.pdf,b34612e23e35f63bc9ccdcc86f643ae8d924f28837db2d91bc517be6d0d2ae4a,3129135,2026-03-04T22:21:00.317130,.,64,baseline_historico,8,extracted
Sin Limpieza/batch_65.pdf,batch_65.pdf,f66a908a3e472965351c3bd20cd5667f7e81c2940a4f1d0c7a6366922b166919,3131452,2026-03-04T22:21:00.217477,.,65,baseline_historico,9,extracted
Sin Limpieza/batch_66.pdf,batch_66.pdf,a62e7959b25cd0da27d2221e344162349e4fc72c70c35c63a310b4f0e2e93064,3125427,2026-03-04T22:21:00.963272,.,66,baseline_historico,9,extracted
Sin Limpieza/batch_67.pdf,batch_67.pdf,70fc0c653fbb3d2408fe0c562a982ed1639047c6583634b2915951863bbb9504,3126216,2026-03-04T22:21:00.870981,.,67,baseline_historico,9,extracted
Sin Limpieza/batch_68.pdf,batch_68.pdf,eb7a4724ddc83ae552795782a477b19e22392bac6b9891ad8a0c87f8f24d6cf9,3126602,2026-03-04T22:21:00.453750,.,68,baseline_historico,9,extracted
Sin Limpieza/batch_69.pdf,batch_69.pdf,fda6b1b407c851efbab755355776941171087d2a73c1151bc4864611dec3a470,3132309,2026-03-04T22:21:00.128875,.,69,baseline_historico,8,extracted
Sin Limpieza/batch_7.pdf,batch_7.pdf,e4de5229033310462c9e22d2c8d46326117bd06050bb7695e6ea09e95ccbd55c,3123126,2026-03-04T22:21:05.713647,.,7,baseline_historico,10,extracted
Sin Limpieza/batch_70.pdf,batch_70.pdf,eb5a5588361b5a4b3edbff3699fb17b8b735c5728159a8999de0b8fafe284898,3119420,2026-03-04T22:21:00.656645,.,70,baseline_historico,9,extracted
Sin Limpieza/batch_71.pdf,batch_71.pdf,6930403611a1dd889d6f0413db372736220d85aa42366f9826fff7621992f875,3120531,2026-03-04T22:21:00.028014,.,71,baseline_historico,10,extracted
Sin Limpieza/batch_72.pdf,batch_72.pdf,e369a89028a1028a3c489e05da210f554e9f3da1a4fe5197e57c11cde5a9791e,3125721,2026-03-04T22:20:59.933144,.,72,baseline_historico,9,extracted
Sin Limpieza/batch_73.pdf,batch_73.pdf,240ad63949dfbf043aed1cedf0a5a6a1e8b907c2580801cc8d2512f8e1f15a49,3127747,2026-03-04T22:20:59.768374,.,73,baseline_historico,9,extracted
Sin Limpieza/batch_74.pdf,batch_74.pdf,291eec297b53c533f6239ccab512a8bbaf53bf62a377cd567f0ee0b60355425a,3127971,2026-03-04T22:20:59.849499,.,74,baseline_historico,10,extracted
Sin Limpieza/batch_75.pdf,batch_75.pdf,5521cdb1832ccdde4bb904a7c8f10424735d7991de9a270e5c5c1c5fd63c0e2b,3126532,2026-03-04T22:20:59.653174,.,75,baseline_historico,10,extracted
Sin Limpieza/batch_76.pdf,batch_76.pdf,badb174bfc167dfe96203cfb0fb9f573f162855cadd7b4c51d632d4d6c955ca1,2811223,2026-03-04T22:20:59.573764,.,76,baseline_historico,9,extracted
Sin Limpieza/batch_77.pdf,batch_77.pdf,0b40e007afa9acde6f02be40adc08271f64e1da861e4b2a2d36617f9cdec2148,3128792,2026-03-04T22:20:59.479224,.,77,baseline_historico,10,extracted
Sin Limpieza/batch_78.pdf,batch_78.pdf,175ffef7181126cddd0f3c76ddeec655b401f8f87ef683a780296ab621d6087e,3127221,2026-03-04T22:20:59.383036,.,78,baseline_historico,10,extracted
Sin Limpieza/batch_79.pdf,batch_79.pdf,caa4b5d35c0a8b51bb78dc327b604b71efec554c173262bd953955525a37ed90,3128715,2026-03-04T22:20:59.288052,.,79,baseline_historico,10,extracted
Sin Limpieza/batch_8.pdf,batch_8.pdf,3f64613227b872b7d1840ac7dcb65c5cbcdfbe91f70979adcde31ca444e5e1e3,3134467,2026-03-04T22:21:06.065400,.,8,baseline_historico,9,extracted
Sin Limpieza/batch_80.pdf,batch_80.pdf,40528308e7123e22b9f81ff37f2bd2874fdb5aca212a5e088cd170b6a5b37882,3125195,2026-03-04T22:20:59.194912,.,80,baseline_historico,7,extracted
Sin Limpieza/batch_81.pdf,batch_81.pdf,2a7ce39b563d9ffcdb521aea6b98896edaf3573845041174c0cdaa9fd67620e7,3129455,2026-03-04T22:20:59.094389,.,81,baseline_historico,9,extracted
Sin Limpieza/batch_82.pdf,batch_82.pdf,1a8355c4aeda3febe6e7b3680c541e0a7583f0a6990684dfe16478400942fe55,3121704,2026-03-04T22:20:58.923523,.,82,baseline_historico,9,extracted
Sin Limpieza/batch_83.pdf,batch_83.pdf,4ca608edf8dcc7b220dca3351f27e8bc7f2909441d702d6a815b1ffb5eaba3dc,3130400,2026-03-04T22:20:59.015084,.,83,baseline_historico,9,extracted
Sin Limpieza/batch_84.pdf,batch_84.pdf,34c5db969b3d129bae8e6af20008ca5a3cc030e6c8c2f8679d0ccee5cf766345,3128042,2026-03-04T22:20:58.683523,.,84,baseline_historico,10,extracted
Sin Limpieza/batch_85.pdf,batch_85.pdf,34917b8a16c6805f5782650a1baf0287edb111429991946857a76e58f54213ec,3131114,2026-03-04T22:20:58.840576,.,85,baseline_historico,10,extracted
Sin Limpieza/batch_86.pdf,batch_86.pdf,90204517a71ea8e8a6530b54febdb43e0b98f2a3a65eef98069350450a9c506f,629900,2026-03-04T22:20:58.102302,.,86,baseline_historico,2,extracted
Sin Limpieza/batch_87.pdf,batch_87.pdf,5be3b1e7e37128efdda74b043a14e304945e26ed7b8a632c2667aea78fb07daf,3122303,2026-03-04T22:20:58.763226,.,87,baseline_historico,8,extracted
Sin Limpieza/batch_88.pdf,batch_88.pdf,693bd652bc213363d9634ce8c43d3a4e6ae7c87d00fd5ec5beb497616b62e437,3125466,2026-03-04T22:20:58.534558,.,88,baseline_historico,6,extracted
Sin Limpieza/batch_89.pdf,batch_89.pdf,8f64f2580b6aee65d610fcb3ec1bb38934f13ade287ff85db3ece7f3a02b8109,314028,2026-03-04T22:20:57.709238,.,89,baseline_historico,1,extracted
Sin Limpieza/batch_9.pdf,batch_9.pdf,5195f40b05967663318b631f59deaad01d1a0a46508475485357385e7932b21f,3132450,2026-03-04T22:21:05.798234,.,9,baseline_historico,10,extracted
Sin Limpieza/batch_90.pdf,batch_90.pdf,30edf0b6d7793c6be366f474fbe92b9e71ab0b38358091de8b059950a4e91181,3136737,2026-03-04T22:20:58.608569,.,90,baseline_historico,7,extracted
Sin Limpieza/batch_91.pdf,batch_91.pdf,9f2efa1df60df45e26b44d30e70eb89486990499e903160598731c9dfd910703,3126035,2026-03-04T22:20:58.431301,.,91,baseline_historico,7,extracted
Sin Limpieza/batch_92.pdf,batch_92.pdf,9c68316f40e243c7ffe65b15911b4885bcf89959d872e3f4d08a13504c78cd2a,3126090,2026-03-04T22:20:58.343158,.,92,baseline_historico,10,extracted
Sin Limpieza/batch_93.pdf,batch_93.pdf,55234137b3e5d0662d6a9d6482b9189ccbe4afb97dd66164a1a3f4e5da34ab3f,3122521,2026-03-04T22:20:58.268106,.,93,baseline_historico,9,extracted
Sin Limpieza/batch_94.pdf,batch_94.pdf,9b63d85ea149d7fd7330c4741fc5fbf1eabf51dc09fddaa6d6fedfaf5cc4bc20,3129691,2026-03-04T22:20:58.182718,.,94,baseline_historico,10,extracted
Sin Limpieza/batch_95.pdf,batch_95.pdf,95e629bb6f62f73c09f2a18781aed3a0da74385212936a18c4a78b64833c86f9,3126214,2026-03-04T22:20:58.067551,.,95,baseline_historico,9,extracted
Sin Limpieza/batch_96.pdf,batch_96.pdf,eb39c446bf4468d9c69f4dcc6baf79c9f42ab7c36810769882dfa93210b2f9b8,3127432,2026-03-04T22:20:57.881045,.,96,baseline_historico,9,extracted
Sin Limpieza/batch_97.pdf,batch_97.pdf,94148fd8ec36946a46e75e1c319ca67deaac204f5a04f8f5dc6b2ffcfe61c82e,3120494,2026-03-04T22:20:57.682238,.,97,baseline_historico,10,extracted
Sin Limpieza/batch_98.pdf,batch_98.pdf,7f33b3a997fa3301565d6144b762b8d15123ad4d4258a5c4fecb31e4dddf2ea9,3123962,2026-03-04T22:20:57.973173,.,98,baseline_historico,9,extracted
Sin Limpieza/batch_99.pdf,batch_99.pdf,3a4e9bb61fe74429bbeff1215b93ab0967fa4cd4910c7e7c5a34d59b54b46431,1876465,2026-03-04T22:20:56.817887,.,99,baseline_historico,5,extracted
